<?xml version="1.0" encoding="UTF-8" standalone="no" ?>
<ExtensionManifest Version="4.0" xmlns:xsi="http://www.w3.org/2001/XMLSchema-instance"
  ExtensionBundleId="GuideGuide" ExtensionBundleName="GuideGuide" ExtensionBundleVersion="3.2.3">
  <Author>
    <![CDATA[Cameron McEfee]]>
  </Author>
  <Contact mailto="cm@cameronmcefee.com" />
  <Abstract href="http://guideguide.me" />
  <ExtensionList>
    <Extension Id="com.cameronmcefee.guideguide.panel" Version="3.2.3" />
  </ExtensionList>
  <ExecutionEnvironment>
    <HostList>
      <Host Name="PHXS" Version="[14.0,16.9]" />
      <Host Name="PHSP" Version="[14.0,16.9]" />
    </HostList>
    <LocaleList>
      <Locale Code="All" />
    </LocaleList>
    <RequiredRuntimeList>
      <RequiredRuntime Name="CSXS" Version="4.0" />
    </RequiredRuntimeList>
  </ExecutionEnvironment>
  <DispatchInfoList>
    <Extension Id="com.cameronmcefee.guideguide.panel">
      <DispatchInfo>
        <Resources>
          <MainPath>./index.html</MainPath>
				  <ScriptPath>./host/ps.jsx</ScriptPath>
        </Resources>
        <Lifecycle>
          <AutoVisible>true</AutoVisible>
        </Lifecycle>
        <UI>
          <Type>Panel</Type>
          <Menu>GuideGuide</Menu>
          <Geometry>
            <Size>
              <Height>260</Height>
              <Width>260</Width>
            </Size>
            <MinSize>
              <Height>260</Height>
              <Width>200</Width>
            </MinSize>
          </Geometry>
          <Icons>
            <Icon Type="Normal">./icons/GuideGuideNormal.png</Icon>
            <Icon Type="RollOver">./icons/GuideGuideRollover.png</Icon>
            <Icon Type="Disabled">./icons/GuideGuideNormal.png</Icon>
            <Icon Type="DarkNormal">./icons/GuideGuideDarkNormal.png</Icon>
            <Icon Type="DarkRollOver">./icons/GuideGuideDarkRollover.png</Icon>
          </Icons>
        </UI>
      </DispatchInfo>
    </Extension>
  </DispatchInfoList>
</ExtensionManifest>
