<?xml version="1.0" encoding="UTF-8" standalone="no"?>
<ExtensionManifest ExtensionBundleId="UberTuber" ExtensionBundleName="UberTuber" ExtensionBundleVersion="1.0.0" Version="4.0">
  <Author>Anton Lyubushkin [nvkzNemo]</Author> 
  <Contact mailto="nvkz.nemo@gmail.com" />
  <Abstract>
<![CDATA[
Insert Vimeo or YouTube videos into your Photoshop document with one click.
]]>
  </Abstract>
  <ExtensionList>
    <Extension Id="com.nvkznemo.ubertuber.extension" Version="1.0.0"/>
  </ExtensionList>
  <ExecutionEnvironment>
    <HostList>
      <Host Name="PHSP" Version="14.0"/>
      <Host Name="PHXS" Version="14.0"/>
    </HostList>
    <LocaleList>
      <Locale Code="All"/>
    </LocaleList>
    <RequiredRuntimeList>
      <RequiredRuntime Name="CSXS" Version="4.0"/>
    </RequiredRuntimeList>
  </ExecutionEnvironment>
  <DispatchInfoList>
    <Extension Id="com.nvkznemo.ubertuber.extension">
      <DispatchInfo>
        <Resources>
          <MainPath>./index.html</MainPath>
          <ScriptPath>./host/main.jsxbin</ScriptPath>
        </Resources>
        <UI>
          <Type>Panel</Type>
          <Menu>UberTuber</Menu>
          <Geometry>
            <Size>
              <Height>52</Height>
              <Width>320</Width>
            </Size>
            <MinSize>
                <Height>50</Height>
                <Width>100</Width>
            </MinSize>
          </Geometry>
          <Icons>
            <Icon Type="Normal">./normal.png</Icon>
            <Icon Type="DarkNormal">./darknormal.png</Icon> 
          </Icons>
        </UI>
      </DispatchInfo>
    </Extension>
  </DispatchInfoList>
</ExtensionManifest>