<?xml version="1.0" encoding="UTF-8" standalone="no"?>
<ExtensionManifest ExtensionBundleId="UberStock" ExtensionBundleName="UberStock" ExtensionBundleVersion="1.0" Version="4.0">
  <Author>Anton Lyubushkin [nvkzNemo]</Author> 
  <Contact mailto="nvkz.nemo@gmail.com" />
  <Abstract>
<![CDATA[
UberStock — free hi-resolution stock photos inside your Photoshop CC & CC-2014 on Mac or PC.

Version: 1.0 public

If you have a problem, question or idea about UberStock: @nvkzNemo or nvkz.nemo@gmail.com
]]>
  </Abstract>
  <ExtensionList>
    <Extension Id="com.nvkznemo.uberstock.extension" Version="1.0"/>
  </ExtensionList>
  <ExecutionEnvironment>
    <HostList>
      <Host Name="PHSP" Version="[14.0,99.9]"/>
      <Host Name="PHXS" Version="[14.0,99.9]"/>
    </HostList>
    <LocaleList>
      <Locale Code="All"/>
    </LocaleList>
    <RequiredRuntimeList>
      <RequiredRuntime Name="CSXS" Version="4.0"/>
    </RequiredRuntimeList>
  </ExecutionEnvironment>
  <DispatchInfoList>
    <Extension Id="com.nvkznemo.uberstock.extension">
      <DispatchInfo>
        <Resources>
          <MainPath>./index.html</MainPath>
          <ScriptPath>./host/main.jsxbin</ScriptPath>
        </Resources>
        <UI>
          <Type>Panel</Type>
          <Menu>UberStock</Menu>
          <Geometry>
            <Size>
              <Height>620</Height>
              <Width>320</Width>
            </Size>
            <MinSize>
                <Height>320</Height>
                <Width>280</Width>
            </MinSize>
            <MaxSize>
                <Height>1280</Height>
                <Width>640</Width>
            </MaxSize>
          </Geometry>
          <Icons>
            <Icon Type="Normal">./normal.png</Icon>
            <Icon Type="DarkNormal">./darknormal.png</Icon> 
          </Icons>
        </UI>
      </DispatchInfo>
    </Extension>
  </DispatchInfoList>
</ExtensionManifest>