<?xml version="1.0" encoding="UTF-8" standalone="no"?>
<ExtensionManifest ExtensionBundleId="Templay" ExtensionBundleName="Templay" ExtensionBundleVersion="1.0" Version="6.0">
	<ExtensionList>
		<Extension Id="pl.maketheweb.templay" Version="1.0"/>
	</ExtensionList>
	<Author>MakeTheWeb</Author>
	<Contact mailto="contact@maketheweb.pl"></Contact>
	<ExecutionEnvironment>
		<HostList>	
			<Host Name="PHXS" Version="14.2"/>
			<Host Name="PHSP" Version="14.2"/>
	    </HostList>
	    <LocaleList>
			<Locale Code="All"/>
	    </LocaleList>
	    <RequiredRuntimeList>
			<RequiredRuntime Name="CSXS" Version="4.0"/>
	    </RequiredRuntimeList>
	</ExecutionEnvironment>
	<DispatchInfoList>
	    <Extension Id="pl.maketheweb.templay">
			<DispatchInfo>
				<Resources>
					<CEFCommandLine>
						<Parameter>--enable-nodejs</Parameter>
					</CEFCommandLine>
					<MainPath>./index.html</MainPath>
					<ScriptPath>./host/ps.jsxbin</ScriptPath>
				</Resources>
				<UI>
					<Type>Panel</Type>
					<Menu>Templay</Menu>
					<Geometry>
						<Size>
							<Width>250</Width>
							<Height>305</Height>
	            		</Size>
						<MinSize>
							<Width>250</Width>
							<Height>305</Height>
						</MinSize>
					</Geometry>
					<Icons>
						<Icon Type="Normal">./icons/light.png</Icon>
						<Icon Type="RollOver">./icons/light.png</Icon>
						<Icon Type="DarkNormal">./icons/dark.png</Icon>
						<Icon Type="DarkRollOver">./icons/dark.png</Icon>
					</Icons>
				</UI>
			</DispatchInfo>
		</Extension>
	</DispatchInfoList>
</ExtensionManifest>